Região,UF,IBGE,Município,Macro Região,Micro Região,População*,Total domicílios*,Domicílios com a TRIA aplicada,Domicílios em risco de insegurança alimentar,% Domicílios em risco de insegurança alimentar,Pessoas em domicílios em risco de insegurança alimentar,Domicílios em risco de insegurança alimentar com pessoas com deficiência,% de domicílios em risco de insegurança alimentar com pessoas com deficiência,Domicílios em risco de insegurança alimentar com pessoas em situação de rua,% de domicílios em risco de insegurança alimentar com pessoas em situação de rua,Domicílios em risco de insegurança alimentar com pessoas de povo ou comunidade tradicional,% de domicílios em risco de insegurança alimentar com pessoas de povo ou comunidade tradicional,Domicílios em risco de insegurança alimentar com pessoas menores de 18 anos,% de domicílios em risco de insegurança alimentar com pessoas menores de 18 anos,Domicílios em risco de insegurança alimentar com RF respondente do sexo feminino,% de domicílios em risco de insegurança alimentar com RF respondente do sexo feminino,Domicílios em risco de insegurança alimentar com RF respondente do sexo masculino,% de domicílios em risco de insegurança alimentar com RF respondente do sexo masculino,Domicílios em risco de insegurança alimentar com RF respondente autodeclarado pardo,% de domicílios com RF respondente autodeclarado pardo,Domicílios em risco de insegurança alimentar com RF respondente autodeclarado branco,% de domicílios com RF respondente autodeclarado branco,Domicílios em risco de insegurança alimentar com RF respondente autodeclarado amarelo,% de domicílios com RF respondente autodeclarado amarelo,Domicílios em risco de insegurança alimentar com RF respondente autodeclarado preto,% de domicílios com RF respondente autodeclarado preto,Domicílios em risco de insegurança alimentar com RF respondente autodeclarado indígena,% de domicílios com RF respondente autodeclarado indígena,Competência
NORTE,PA,150010,ABAETETUBA,MACRO I,TOCANTINS,172344,51416,36253,14878,41.0,51345,2642,17.8,2,0.0,4584,30.8,8517,57.2,8456,65.2,4506,34.8,10086,77.8,1396,10.8,12,0.1,1466,11.3,2,0.0,nov/2023 a abr/2026
NORTE,PA,150013,ABEL FIGUEIREDO,MACRO IV,CARAJÁS,6275,2583,2436,297,12.2,1063,40,13.5,0,0.0,3,1.0,170,57.2,195,78.6,53,21.4,187,75.4,25,10.1,5,2.0,31,12.5,0,0.0,nov/2023 a abr/2026
NORTE,PA,150020,ACARA,MACRO II,METROPOLITANA II,63110,21771,8284,3577,43.2,11944,408,11.4,6,0.2,552,15.4,2102,58.8,1696,53.5,1475,46.5,2747,86.6,115,3.6,5,0.2,305,9.6,0,0.0,nov/2023 a abr/2026
NORTE,PA,150030,AFUA,MACRO I,MARAJÓ I,40473,11041,8386,1451,17.3,5924,212,14.6,0,0.0,248,17.1,1066,73.5,784,61.2,496,38.8,1158,90.5,80,6.2,5,0.4,37,2.9,0,0.0,nov/2023 a abr/2026
NORTE,PA,150034,AGUA AZUL DO NORTE,MACRO IV,ARAGUAIA,17596,6694,4873,283,5.8,913,27,9.5,0,0.0,4,1.4,152,53.7,165,64.0,93,36.0,202,78.3,30,11.6,2,0.8,24,9.3,0,0.0,nov/2023 a abr/2026
NORTE,PA,150040,ALENQUER,MACRO III,BAIXO AMAZONAS,75882,21957,6149,1426,23.2,5242,207,14.5,2,0.1,44,3.1,926,64.9,769,60.0,512,40.0,1102,86.0,103,8.0,2,0.2,74,5.8,0,0.0,nov/2023 a abr/2026
NORTE,PA,150050,ALMEIRIM,MACRO III,BAIXO AMAZONAS,36442,12665,8797,3300,37.5,12385,501,15.2,4,0.1,1267,38.4,2146,65.0,1885,64.7,1027,35.3,2722,93.5,108,3.7,17,0.6,65,2.2,0,0.0,nov/2023 a abr/2026
NORTE,PA,150060,ALTAMIRA,MACRO III,XINGU,138749,54274,15129,1512,10.0,5246,246,16.3,10,0.7,28,1.9,892,59.0,998,74.8,337,25.2,1030,77.2,156,11.7,34,2.5,106,7.9,9,0.7,nov/2023 a abr/2026
NORTE,PA,150070,ANAJAS,MACRO I,MARAJÓ II,30247,7665,7087,2607,36.8,10209,342,13.1,0,0.0,205,7.9,1886,72.3,1545,67.4,747,32.6,1954,85.3,259,11.3,7,0.3,72,3.1,0,0.0,nov/2023 a abr/2026
NORTE,PA,150080,ANANINDEUA,MACRO I,METROPOLITANA I,509227,187386,91613,15572,17.0,53457,1841,11.8,83,0.5,92,0.6,8526,54.8,10260,73.5,3704,26.5,10893,78.0,1760,12.6,53,0.4,1253,9.0,8,0.1,nov/2023 a abr/2026
NORTE,PA,150085,ANAPU,MACRO III,XINGU,35638,13000,6852,819,12.0,2906,76,9.3,1,0.1,15,1.8,557,68.0,484,65.7,253,34.3,539,73.1,80,10.9,8,1.1,109,14.8,1,0.1,nov/2023 a abr/2026
NORTE,PA,150090,AUGUSTO CORREA,MACRO II,RIO CAETÉS,47912,13983,9855,2044,20.7,7473,256,12.5,2,0.1,322,15.8,1276,62.4,1352,70.6,562,29.4,1773,92.6,52,2.7,53,2.8,36,1.9,0,0.0,nov/2023 a abr/2026
NORTE,PA,150095,AURORA DO PARA,MACRO II,METROPOLITANA III,24193,8261,8085,2551,31.6,8905,318,12.5,0,0.0,95,3.7,1573,61.7,1314,59.2,905,40.8,1893,85.3,168,7.6,15,0.7,143,6.4,0,0.0,nov/2023 a abr/2026
NORTE,PA,150100,AVEIRO,MACRO III,TAPAJÓS,19380,6499,3609,570,15.8,1913,60,10.5,0,0.0,364,63.9,336,58.9,226,45.3,273,54.7,381,76.4,14,2.8,7,1.4,20,4.0,77,15.4,nov/2023 a abr/2026
NORTE,PA,150110,BAGRE,MACRO I,MARAJÓ II,35147,6489,3564,1350,37.9,4892,129,9.6,0,0.0,115,8.5,955,70.7,926,73.6,333,26.4,1141,90.6,69,5.5,1,0.1,47,3.7,1,0.1,nov/2023 a abr/2026
NORTE,PA,150120,BAIAO,MACRO I,TOCANTINS,56850,13603,6426,1155,18.0,4234,166,14.4,3,0.3,320,27.7,745,64.5,692,71.7,273,28.3,703,72.8,96,9.9,1,0.1,165,17.1,0,0.0,nov/2023 a abr/2026
NORTE,PA,150125,BANNACH,MACRO IV,ARAGUAIA,4290,1894,1167,109,9.3,323,13,11.9,0,0.0,1,0.9,67,61.5,62,59.0,43,41.0,82,78.1,8,7.6,0,0.0,15,14.3,0,0.0,nov/2023 a abr/2026
NORTE,PA,150130,BARCARENA,MACRO I,TOCANTINS,139076,48232,34169,9158,26.8,32894,1303,14.2,3,0.0,889,9.7,5595,61.1,6256,78.7,1696,21.3,7063,88.8,516,6.5,29,0.4,343,4.3,2,0.0,nov/2023 a abr/2026
NORTE,PA,150140,BELEM,MACRO I,METROPOLITANA I,1397315,528989,143906,35404,24.6,109050,5898,16.7,51,0.1,569,1.6,16781,47.4,24889,76.6,7605,23.4,24695,76.0,3894,12.0,276,0.8,3613,11.1,23,0.1,nov/2023 a abr/2026
NORTE,PA,150145,BELTERRA,MACRO III,BAIXO AMAZONAS,19075,7597,6273,1363,21.7,5050,305,22.4,0,0.0,450,33.0,886,65.0,647,56.5,498,43.5,1030,90.0,53,4.6,3,0.3,52,4.5,7,0.6,nov/2023 a abr/2026
NORTE,PA,150150,BENEVIDES,MACRO I,METROPOLITANA I,68962,26334,18135,2551,14.1,8753,429,16.8,3,0.1,19,0.7,1504,59.0,1787,79.6,459,20.4,1914,85.2,189,8.4,7,0.3,137,6.1,1,0.0,nov/2023 a abr/2026
NORTE,PA,150157,BOM JESUS DO TOCANTINS,MACRO IV,CARAJÁS,19129,5813,4558,839,18.4,3154,82,9.8,0,0.0,16,1.9,513,61.1,567,72.5,215,27.5,701,89.6,41,5.2,3,0.4,35,4.5,2,0.3,nov/2023 a abr/2026
NORTE,PA,150160,BONITO,MACRO II,RIO CAETÉS,12961,5312,3982,959,24.1,2856,125,13.0,0,0.0,34,3.5,486,50.7,446,52.0,412,48.0,739,86.1,65,7.6,1,0.1,53,6.2,0,0.0,nov/2023 a abr/2026
NORTE,PA,150170,BRAGANCA,MACRO II,RIO CAETÉS,132489,44053,36577,6235,17.0,20511,829,13.3,14,0.2,2211,35.5,3504,56.2,3924,70.6,1634,29.4,5224,94.0,134,2.4,108,1.9,93,1.7,0,0.0,nov/2023 a abr/2026
NORTE,PA,150172,BRASIL NOVO,MACRO III,XINGU,27130,8945,2887,309,10.7,939,41,13.3,1,0.3,2,0.6,183,59.2,157,59.9,105,40.1,201,76.7,26,9.9,10,3.8,25,9.5,0,0.0,nov/2023 a abr/2026
NORTE,PA,150175,BREJO GRANDE DO ARAGUAIA,MACRO IV,CARAJÁS,6966,2963,2083,28,1.3,98,7,25.0,0,0.0,1,3.6,16,57.1,19,70.4,8,29.6,23,85.2,1,3.7,1,3.7,2,7.4,0,0.0,nov/2023 a abr/2026
NORTE,PA,150178,BREU BRANCO,MACRO IV,LAGO TUCURUÍ,47066,16756,10779,1768,16.4,5838,202,11.4,0,0.0,190,10.7,1077,60.9,1189,78.4,327,21.6,1134,74.8,168,11.1,25,1.6,189,12.5,1,0.1,nov/2023 a abr/2026
NORTE,PA,150180,BREVES,MACRO I,MARAJÓ II,116058,28115,6107,1638,26.8,6147,203,12.4,7,0.4,204,12.5,1064,65.0,1058,75.2,348,24.8,1249,88.8,95,6.8,7,0.5,55,3.9,0,0.0,nov/2023 a abr/2026
NORTE,PA,150190,BUJARU,MACRO II,METROPOLITANA II,25065,8916,5206,1470,28.2,4872,244,16.6,0,0.0,19,1.3,886,60.3,787,58.7,553,41.3,1182,88.2,31,2.3,3,0.2,123,9.2,1,0.1,nov/2023 a abr/2026
NORTE,PA,150200,CACHOEIRA DO ARARI,MACRO II,RIO CAETÉS,25467,7320,2785,622,22.3,2273,86,13.8,2,0.3,17,2.7,393,63.2,405,76.9,122,23.1,437,82.9,37,7.0,8,1.5,45,8.5,0,0.0,nov/2023 a abr/2026
NORTE,PA,150195,CACHOEIRA DO PIRIA,MACRO I,MARAJÓ I,19223,7239,5670,1566,27.6,4985,283,18.1,0,0.0,280,17.9,891,56.9,897,64.9,485,35.1,1054,76.3,105,7.6,2,0.1,221,16.0,0,0.0,nov/2023 a abr/2026
NORTE,PA,150210,CAMETA,MACRO I,TOCANTINS,144859,39905,33568,9365,27.9,29818,892,9.5,16,0.2,4177,44.6,5349,57.1,4610,56.0,3618,44.0,7013,85.2,685,8.3,9,0.1,519,6.3,2,0.0,nov/2023 a abr/2026
NORTE,PA,150215,CANAA DOS CARAJAS,MACRO IV,CARAJÁS,89524,28605,12736,979,7.7,3702,131,13.4,2,0.2,6,0.6,681,69.6,662,84.5,121,15.5,606,77.4,99,12.6,19,2.4,58,7.4,1,0.1,nov/2023 a abr/2026
NORTE,PA,150220,CAPANEMA,MACRO II,RIO CAETÉS,75309,57668,17360,2250,13.0,7107,393,17.5,7,0.3,14,0.6,1210,53.8,1500,75.0,500,25.0,1692,84.6,222,11.1,10,0.5,75,3.8,1,0.0,nov/2023 a abr/2026
NORTE,PA,150230,CAPITAO POCO,MACRO II,METROPOLITANA III,60318,23019,2946,82,2.8,276,10,12.2,0,0.0,2,2.4,50,61.0,53,75.7,17,24.3,64,91.4,1,1.4,3,4.3,2,2.9,0,0.0,nov/2023 a abr/2026
NORTE,PA,150240,CASTANHAL,MACRO II,METROPOLITANA III,209126,80009,54235,7951,14.7,27297,1004,12.6,3,0.0,87,1.1,4731,59.5,5606,79.6,1434,20.4,6063,86.1,637,9.0,14,0.2,328,4.7,0,0.0,nov/2023 a abr/2026
NORTE,PA,150250,CHAVES,MACRO I,MARAJÓ I,21501,5818,3347,1308,39.1,4759,153,11.7,0,0.0,343,26.2,894,68.3,605,53.3,530,46.7,970,85.5,42,3.7,9,0.8,115,10.1,0,0.0,nov/2023 a abr/2026
NORTE,PA,150260,COLARES,MACRO II,METROPOLITANA II,13625,5678,3099,1084,35.0,3481,170,15.7,1,0.1,190,17.5,640,59.0,644,67.3,313,32.7,878,91.7,54,5.6,2,0.2,24,2.5,0,0.0,nov/2023 a abr/2026
NORTE,PA,150270,CONCEICAO DO ARAGUAIA,MACRO IV,ARAGUAIA,47144,19636,12723,1739,13.7,5432,283,16.3,7,0.4,72,4.1,888,51.1,948,59.4,649,40.6,1088,68.1,287,18.0,45,2.8,176,11.0,1,0.1,nov/2023 a abr/2026
NORTE,PA,150275,CONCORDIA DO PARA,MACRO II,METROPOLITANA II,28270,9660,6501,2425,37.3,7570,289,11.9,0,0.0,768,31.7,1443,59.5,1333,60.5,871,39.5,1487,67.5,107,4.9,2,0.1,610,27.7,0,0.0,nov/2023 a abr/2026
NORTE,PA,150276,CUMARU DO NORTE,MACRO IV,ARAGUAIA,15150,5101,2729,137,5.0,441,13,9.5,0,0.0,4,2.9,77,56.2,54,42.9,72,57.1,91,72.2,13,10.3,2,1.6,18,14.3,2,1.6,nov/2023 a abr/2026
NORTE,PA,150277,CURIONOPOLIS,MACRO IV,CARAJÁS,20975,9067,6102,79,1.3,293,12,15.2,0,0.0,0,0.0,50,63.3,63,85.1,11,14.9,59,79.7,10,13.5,2,2.7,3,4.1,0,0.0,nov/2023 a abr/2026
NORTE,PA,150280,CURRALINHO,MACRO I,MARAJÓ II,36814,9649,3894,1356,34.8,5067,176,13.0,3,0.2,247,18.2,942,69.5,643,52.9,573,47.1,971,79.9,123,10.1,10,0.8,112,9.2,0,0.0,nov/2023 a abr/2026
NORTE,PA,150285,CURUA,MACRO III,BAIXO AMAZONAS,14954,5183,3816,871,22.8,2986,87,10.0,1,0.1,436,50.1,539,61.9,553,71.2,224,28.8,714,91.9,33,4.2,3,0.4,27,3.5,0,0.0,nov/2023 a abr/2026
NORTE,PA,150290,CURUCA,MACRO II,METROPOLITANA III,44880,15589,10883,1741,16.0,5692,305,17.5,0,0.0,127,7.3,909,52.2,1119,73.0,413,27.0,1313,85.7,127,8.3,3,0.2,89,5.8,0,0.0,nov/2023 a abr/2026
NORTE,PA,150293,DOM ELISEU,MACRO IV,CARAJÁS,62823,16018,11632,1230,10.6,4353,168,13.7,0,0.0,2,0.2,745,60.6,814,84.1,154,15.9,689,71.2,128,13.2,8,0.8,143,14.8,0,0.0,nov/2023 a abr/2026
NORTE,PA,150295,ELDORADO DOS CARAJAS,MACRO IV,CARAJÁS,29287,12326,7353,1213,16.5,3878,155,12.8,0,0.0,8,0.7,725,59.8,774,67.8,368,32.2,842,73.7,137,12.0,13,1.1,149,13.0,1,0.1,nov/2023 a abr/2026
NORTE,PA,150300,FARO,MACRO III,BAIXO AMAZONAS,9167,2667,2798,1360,48.6,5016,116,8.5,3,0.2,688,50.6,761,56.0,554,52.8,496,47.2,977,93.0,58,5.5,5,0.5,10,1.0,0,0.0,nov/2023 a abr/2026
NORTE,PA,150304,FLORESTA DO ARAGUAIA,MACRO IV,ARAGUAIA,18595,8732,6763,1235,18.3,3695,113,9.1,0,0.0,19,1.5,677,54.8,750,63.6,429,36.4,836,70.9,179,15.2,51,4.3,112,9.5,1,0.1,nov/2023 a abr/2026
NORTE,PA,150307,GARRAFAO DO NORTE,MACRO II,METROPOLITANA III,25558,9944,6505,2162,33.2,6981,219,10.1,1,0.0,189,8.7,1336,61.8,1304,67.6,626,32.4,1805,93.5,91,4.7,9,0.5,26,1.3,0,0.0,nov/2023 a abr/2026
NORTE,PA,150309,GOIANESIA DO PARA,MACRO IV,LAGO TUCURUÍ,26703,10964,3499,727,20.8,2313,129,17.7,1,0.1,53,7.3,402,55.3,507,79.0,135,21.0,467,72.7,82,12.8,14,2.2,78,12.1,1,0.2,nov/2023 a abr/2026
NORTE,PA,150310,GURUPA,MACRO I,MARAJÓ II,34137,8645,3646,847,23.2,3444,129,15.2,1,0.1,295,34.8,618,73.0,409,52.9,364,47.1,665,86.0,62,8.0,10,1.3,36,4.7,0,0.0,nov/2023 a abr/2026
NORTE,PA,150320,IGARAPE-ACU,MACRO II,METROPOLITANA III,37925,14608,11926,1894,15.9,6221,306,16.2,0,0.0,45,2.4,1082,57.1,1259,75.7,405,24.3,1474,88.6,102,6.1,9,0.5,79,4.7,0,0.0,nov/2023 a abr/2026
NORTE,PA,150330,IGARAPE-MIRI,MACRO I,TOCANTINS,69446,19842,14527,5187,35.7,17659,657,12.7,3,0.1,1294,24.9,3105,59.9,2330,51.9,2161,48.1,3482,77.5,501,11.2,24,0.5,484,10.8,0,0.0,nov/2023 a abr/2026
NORTE,PA,150340,INHANGAPI,MACRO II,METROPOLITANA III,10784,4068,3118,236,7.6,820,18,7.6,0,0.0,15,6.4,151,64.0,140,69.0,63,31.0,153,75.4,29,14.3,1,0.5,20,9.9,0,0.0,nov/2023 a abr/2026
NORTE,PA,150345,IPIXUNA DO PARA,MACRO II,METROPOLITANA III,29264,11017,11112,3808,34.3,12706,524,13.8,6,0.2,116,3.0,2275,59.7,2293,69.8,994,30.2,2768,84.2,268,8.2,15,0.5,235,7.1,1,0.0,nov/2023 a abr/2026
NORTE,PA,150350,IRITUIA,MACRO II,METROPOLITANA III,32740,11840,1577,86,5.5,315,17,19.8,0,0.0,4,4.7,59,68.6,45,78.9,12,21.1,37,64.9,11,19.3,1,1.8,8,14.0,0,0.0,nov/2023 a abr/2026
NORTE,PA,150360,ITAITUBA,MACRO III,TAPAJÓS,135369,46002,25473,6052,23.8,22023,736,12.2,4,0.1,1238,20.5,3799,62.8,3925,77.0,1170,23.0,4213,82.7,472,9.3,17,0.3,374,7.3,19,0.4,nov/2023 a abr/2026
NORTE,PA,150370,ITUPIRANGA,MACRO IV,CARAJÁS,52201,17966,11415,2427,21.3,9117,294,12.1,0,0.0,70,2.9,1535,63.2,1418,72.8,531,27.2,1437,73.7,239,12.3,43,2.2,230,11.8,1,0.1,nov/2023 a abr/2026
NORTE,PA,150375,JACAREACANGA,MACRO III,TAPAJÓS,26579,6871,3148,289,9.2,1060,45,15.6,40,13.8,22,7.6,189,65.4,148,60.7,96,39.3,110,45.1,17,7.0,2,0.8,14,5.7,101,41.4,nov/2023 a abr/2026
NORTE,PA,150380,JACUNDA,MACRO IV,LAGO TUCURUÍ,37726,15759,12609,870,6.9,2824,118,13.6,0,0.0,7,0.8,531,61.0,586,74.7,198,25.3,650,82.9,65,8.3,1,0.1,68,8.7,0,0.0,nov/2023 a abr/2026
NORTE,PA,150390,JURUTI,MACRO III,BAIXO AMAZONAS,54255,16369,7298,1100,15.1,4137,166,15.1,0,0.0,182,16.5,734,66.7,579,59.9,388,40.1,934,96.6,22,2.3,1,0.1,8,0.8,2,0.2,nov/2023 a abr/2026
NORTE,PA,150400,LIMOEIRO DO AJURU,MACRO I,TOCANTINS,32088,8284,7842,2878,36.7,9760,327,11.4,0,0.0,1166,40.5,1791,62.2,1608,59.5,1094,40.5,2415,89.4,221,8.2,0,0.0,67,2.5,0,0.0,nov/2023 a abr/2026
NORTE,PA,150405,MAE DO RIO,MACRO II,METROPOLITANA III,37473,11584,6448,1381,21.4,4792,181,13.1,0,0.0,14,1.0,877,63.5,917,74.3,317,25.7,1021,82.7,124,10.0,23,1.9,66,5.3,0,0.0,nov/2023 a abr/2026
NORTE,PA,150410,MAGALHAES BARATA,MACRO II,METROPOLITANA III,8439,3320,2429,832,34.3,2831,158,19.0,1,0.1,2,0.2,449,54.0,459,63.2,267,36.8,627,86.4,36,5.0,2,0.3,61,8.4,0,0.0,nov/2023 a abr/2026
NORTE,PA,150420,MARABA,MACRO IV,CARAJÁS,290975,106660,43793,7175,16.4,25171,1013,14.1,2,0.0,60,0.8,4508,62.8,4964,77.5,1445,22.5,5177,80.8,624,9.7,76,1.2,522,8.1,11,0.2,nov/2023 a abr/2026
NORTE,PA,150430,MARACANA,MACRO II,METROPOLITANA III,27129,10466,7172,2686,37.5,8747,396,14.7,4,0.1,135,5.0,1450,54.0,1364,55.1,1111,44.9,2232,90.2,182,7.4,1,0.0,60,2.4,0,0.0,nov/2023 a abr/2026
NORTE,PA,150440,MARAPANIM,MACRO II,METROPOLITANA III,28159,14439,2697,498,18.5,1647,76,15.3,0,0.0,2,0.4,297,59.6,273,60.9,175,39.1,362,80.8,36,8.0,29,6.5,21,4.7,0,0.0,nov/2023 a abr/2026
NORTE,PA,150442,MARITUBA,MACRO I,METROPOLITANA I,119437,45933,26866,8412,31.3,26422,1210,14.4,17,0.2,98,1.2,4504,53.5,6201,81.0,1456,19.0,6344,82.9,708,9.2,42,0.5,564,7.4,2,0.0,nov/2023 a abr/2026
NORTE,PA,150445,MEDICILANDIA,MACRO III,XINGU,28677,12394,2818,280,9.9,876,34,12.1,0,0.0,6,2.1,175,62.5,95,39.6,145,60.4,186,77.5,36,15.0,7,2.9,12,5.0,0,0.0,nov/2023 a abr/2026
NORTE,PA,150450,MELGACO,MACRO I,MARAJÓ II,30080,6244,1783,291,16.3,1196,41,14.1,0,0.0,29,10.0,204,70.1,189,70.0,81,30.0,242,89.6,20,7.4,1,0.4,7,2.6,0,0.0,nov/2023 a abr/2026
NORTE,PA,150460,MOCAJUBA,MACRO I,TOCANTINS,28903,8411,6098,1409,23.1,4812,226,16.0,7,0.5,455,32.3,858,60.9,808,63.1,473,36.9,846,66.0,110,8.6,1,0.1,323,25.2,1,0.1,nov/2023 a abr/2026
NORTE,PA,150470,MOJU,MACRO I,TOCANTINS,91760,30029,689,32,4.6,111,3,9.4,1,3.1,2,6.2,20,62.5,15,75.0,5,25.0,15,75.0,3,15.0,1,5.0,1,5.0,0,0.0,nov/2023 a abr/2026
NORTE,PA,150475,MOJUI DOS CAMPOS,MACRO III,BAIXO AMAZONAS,25818,9912,7445,1688,22.7,5326,294,17.4,0,0.0,61,3.6,935,55.4,907,58.5,644,41.5,1415,91.2,94,6.1,11,0.7,30,1.9,1,0.1,nov/2023 a abr/2026
NORTE,PA,150480,MONTE ALEGRE,MACRO III,BAIXO AMAZONAS,64002,24608,15863,3276,20.7,10637,517,15.8,0,0.0,33,1.0,1987,60.7,1804,61.2,1142,38.8,2673,90.7,200,6.8,10,0.3,62,2.1,1,0.0,nov/2023 a abr/2026
NORTE,PA,150490,MUANA,MACRO I,MARAJÓ I,49648,12700,5523,1743,31.6,6188,289,16.6,0,0.0,142,8.1,1137,65.2,1218,76.3,378,23.7,1284,80.5,147,9.2,9,0.6,155,9.7,1,0.1,nov/2023 a abr/2026
NORTE,PA,150495,NOVA ESPERANCA DO PIRIA,MACRO II,METROPOLITANA III,21304,7914,5243,3249,62.0,10474,322,9.9,2,0.1,29,0.9,1990,61.2,1652,58.9,1153,41.1,2619,93.4,116,4.1,2,0.1,68,2.4,0,0.0,nov/2023 a abr/2026
NORTE,PA,150497,NOVA IPIXUNA,MACRO IV,CARAJÁS,14400,6156,2734,254,9.3,876,38,15.0,0,0.0,5,2.0,147,57.9,135,59.0,94,41.0,162,70.7,23,10.0,15,6.6,29,12.7,0,0.0,nov/2023 a abr/2026
NORTE,PA,150500,NOVA TIMBOTEUA,MACRO II,RIO CAETÉS,13175,5741,5216,593,11.4,1772,119,20.1,0,0.0,2,0.3,295,49.7,352,70.8,145,29.2,428,86.1,38,7.6,4,0.8,27,5.4,0,0.0,nov/2023 a abr/2026
NORTE,PA,150503,NOVO PROGRESSO,MACRO III,TAPAJÓS,37054,13888,10279,647,6.3,2400,68,10.5,0,0.0,3,0.5,440,68.0,454,79.9,114,20.1,445,78.3,63,11.1,27,4.8,32,5.6,1,0.2,nov/2023 a abr/2026
NORTE,PA,150506,NOVO REPARTIMENTO,MACRO IV,LAGO TUCURUÍ,63796,26251,8421,2615,31.1,8054,211,8.1,6,0.2,27,1.0,1470,56.2,1636,70.2,696,29.8,1699,72.9,329,14.1,93,4.0,210,9.0,1,0.0,nov/2023 a abr/2026
NORTE,PA,150510,OBIDOS,MACRO III,BAIXO AMAZONAS,55527,19177,12419,1812,14.6,6134,293,16.2,2,0.1,680,37.5,1059,58.4,1019,61.6,634,38.4,1169,70.7,117,7.1,1,0.1,366,22.1,0,0.0,nov/2023 a abr/2026
NORTE,PA,150520,OEIRAS DO PARA,MACRO I,TOCANTINS,36734,9863,3806,997,26.2,3701,124,12.4,0,0.0,200,20.1,677,67.9,658,70.6,274,29.4,802,86.1,51,5.5,1,0.1,78,8.4,0,0.0,nov/2023 a abr/2026
NORTE,PA,150530,ORIXIMINA,MACRO III,BAIXO AMAZONAS,72889,22520,15525,4294,27.7,16494,834,19.4,0,0.0,1148,26.7,2709,63.1,2712,71.8,1064,28.2,2853,75.6,284,7.5,20,0.5,583,15.4,36,1.0,nov/2023 a abr/2026
NORTE,PA,150540,OUREM,MACRO II,RIO CAETÉS,18783,7077,4736,295,6.2,1002,37,12.5,4,1.4,13,4.4,171,58.0,164,62.4,99,37.6,245,93.2,4,1.5,0,0.0,14,5.3,0,0.0,nov/2023 a abr/2026
NORTE,PA,150543,OURILANDIA DO NORTE,MACRO IV,ARAGUAIA,35252,13444,11066,1224,11.1,4354,132,10.8,3,0.2,20,1.6,703,57.4,822,73.3,299,26.7,858,76.5,179,16.0,8,0.7,75,6.7,1,0.1,nov/2023 a abr/2026
NORTE,PA,150548,PACAJA,MACRO III,XINGU,43741,17538,10233,1491,14.6,5202,174,11.7,0,0.0,7,0.5,928,62.2,796,60.3,523,39.7,1096,83.1,111,8.4,15,1.1,97,7.4,0,0.0,nov/2023 a abr/2026
NORTE,PA,150549,PALESTINA DO PARA,MACRO IV,CARAJÁS,7063,2951,1736,391,22.5,1424,46,11.8,0,0.0,6,1.5,286,73.1,224,67.9,106,32.1,269,81.5,25,7.6,2,0.6,34,10.3,0,0.0,nov/2023 a abr/2026
NORTE,PA,150550,PARAGOMINAS,MACRO II,METROPOLITANA III,113498,38234,29290,5445,18.6,19453,765,14.0,7,0.1,125,2.3,3360,61.7,4077,82.2,883,17.8,3944,79.5,492,9.9,57,1.1,466,9.4,3,0.1,nov/2023 a abr/2026
NORTE,PA,150553,PARAUAPEBAS,MACRO IV,CARAJÁS,305771,104820,29851,4219,14.1,14411,585,13.9,4,0.1,29,0.7,2609,61.8,3289,83.5,649,16.5,2997,76.1,410,10.4,178,4.5,352,8.9,2,0.1,nov/2023 a abr/2026
NORTE,PA,150555,PAU D'ARCO,MACRO IV,ARAGUAIA,7354,3222,2442,385,15.8,1204,46,11.9,0,0.0,2,0.5,202,52.5,228,65.7,119,34.3,296,85.3,28,8.1,1,0.3,22,6.3,0,0.0,nov/2023 a abr/2026
NORTE,PA,150560,PEIXE-BOI,MACRO II,RIO CAETÉS,8686,3950,3269,167,5.1,467,20,12.0,0,0.0,1,0.6,82,49.1,72,50.7,70,49.3,133,93.7,5,3.5,0,0.0,4,2.8,0,0.0,nov/2023 a abr/2026
NORTE,PA,150563,PICARRA,MACRO IV,CARAJÁS,13366,5452,3720,147,4.0,549,17,11.6,0,0.0,115,78.2,99,67.3,73,55.3,59,44.7,100,75.8,13,9.8,1,0.8,18,13.6,0,0.0,nov/2023 a abr/2026
NORTE,PA,150565,PLACAS,MACRO III,BAIXO AMAZONAS,18510,8166,5332,898,16.8,2849,90,10.0,0,0.0,8,0.9,556,61.9,579,71.0,236,29.0,588,72.1,114,14.0,17,2.1,95,11.7,1,0.1,nov/2023 a abr/2026
NORTE,PA,150570,PONTA DE PEDRAS,MACRO I,MARAJÓ I,25736,9505,4510,1664,36.9,5685,187,11.2,4,0.2,125,7.5,982,59.0,1042,69.1,466,30.9,1287,85.3,125,8.3,2,0.1,94,6.2,0,0.0,nov/2023 a abr/2026
NORTE,PA,150580,PORTEL,MACRO I,MARAJÓ II,67580,15318,10865,4244,39.1,18185,653,15.4,3,0.1,750,17.7,3258,76.8,3047,79.5,784,20.5,3215,83.9,293,7.6,16,0.4,307,8.0,0,0.0,nov/2023 a abr/2026
NORTE,PA,150590,PORTO DE MOZ,MACRO III,XINGU,44121,10520,5780,2147,37.1,8011,330,15.4,0,0.0,524,24.4,1526,71.1,1457,76.8,441,23.2,1733,91.3,87,4.6,22,1.2,56,3.0,0,0.0,nov/2023 a abr/2026
NORTE,PA,150600,PRAINHA,MACRO III,BAIXO AMAZONAS,38733,12611,9369,2962,31.6,10407,409,13.8,0,0.0,363,12.3,2040,68.9,1524,55.6,1217,44.4,2549,93.0,87,3.2,8,0.3,95,3.5,2,0.1,nov/2023 a abr/2026
NORTE,PA,150610,PRIMAVERA,MACRO II,RIO CAETÉS,11379,4346,2529,219,8.7,716,57,26.0,1,0.5,3,1.4,100,45.7,151,82.1,33,17.9,153,83.2,15,8.2,1,0.5,15,8.2,0,0.0,nov/2023 a abr/2026
NORTE,PA,150611,QUATIPURU,MACRO II,RIO CAETÉS,11838,4439,3789,1683,44.4,5070,261,15.5,37,2.2,28,1.7,815,48.4,1137,78.3,315,21.7,1227,84.5,151,10.4,8,0.6,66,4.5,0,0.0,nov/2023 a abr/2026
NORTE,PA,150613,REDENCAO,MACRO IV,ARAGUAIA,92694,34459,26179,2441,9.3,8075,304,12.5,0,0.0,26,1.1,1412,57.8,1672,73.4,607,26.6,1649,72.4,322,14.1,29,1.3,277,12.2,2,0.1,nov/2023 a abr/2026
NORTE,PA,150616,RIO MARIA,MACRO IV,ARAGUAIA,19190,8205,5919,684,11.6,2249,93,13.6,0,0.0,13,1.9,403,58.9,411,71.9,161,28.1,420,73.4,79,13.8,10,1.7,63,11.0,0,0.0,nov/2023 a abr/2026
NORTE,PA,150618,RONDON DO PARA,MACRO IV,CARAJÁS,57031,16425,13039,570,4.4,1902,59,10.4,1,0.2,5,0.9,301,52.8,305,61.0,195,39.0,395,79.0,48,9.6,9,1.8,48,9.6,0,0.0,nov/2023 a abr/2026
NORTE,PA,150619,RUROPOLIS,MACRO III,TAPAJÓS,37198,11791,8741,1012,11.6,3431,153,15.1,0,0.0,13,1.3,577,57.0,635,70.7,263,29.3,665,74.1,130,14.5,10,1.1,92,10.2,1,0.1,nov/2023 a abr/2026
NORTE,PA,150620,SALINOPOLIS,MACRO II,RIO CAETÉS,48663,25145,7491,879,11.7,3000,130,14.8,2,0.2,14,1.6,454,51.6,565,75.6,182,24.4,678,90.8,51,6.8,1,0.1,16,2.1,1,0.1,nov/2023 a abr/2026
NORTE,PA,150630,SALVATERRA,MACRO I,MARAJÓ I,25687,10152,2610,707,27.1,2204,150,21.2,1,0.1,214,30.3,417,59.0,477,74.9,160,25.1,424,66.6,29,4.6,0,0.0,184,28.9,0,0.0,nov/2023 a abr/2026
NORTE,PA,150635,SANTA BARBARA DO PARA,MACRO I,METROPOLITANA I,22530,9475,6898,1556,22.6,5128,281,18.1,0,0.0,10,0.6,901,57.9,1019,73.6,365,26.4,1206,87.1,106,7.7,2,0.1,71,5.1,0,0.0,nov/2023 a abr/2026
NORTE,PA,150640,SANTA CRUZ DO ARARI,MACRO I,MARAJÓ I,7626,2059,1649,167,10.1,617,19,11.4,0,0.0,90,53.9,99,59.3,86,57.0,65,43.0,100,66.2,22,14.6,0,0.0,29,19.2,0,0.0,nov/2023 a abr/2026
NORTE,PA,150650,SANTA IZABEL DO PARA,MACRO II,METROPOLITANA II,79195,26281,15467,2690,17.4,8528,390,14.5,0,0.0,45,1.7,1502,55.8,1865,77.8,533,22.2,2027,84.5,223,9.3,3,0.1,147,6.1,0,0.0,nov/2023 a abr/2026
NORTE,PA,150655,SANTA LUZIA DO PARA,MACRO II,RIO CAETÉS,21295,7917,6103,2102,34.4,7143,287,13.7,0,0.0,252,12.0,1225,58.3,1438,73.0,532,27.0,1698,86.2,109,5.5,2,0.1,160,8.1,1,0.1,nov/2023 a abr/2026
NORTE,PA,150658,SANTA MARIA DAS BARREIRAS,MACRO IV,ARAGUAIA,17065,7988,3112,277,8.9,838,39,14.1,3,1.1,13,4.7,141,50.9,151,58.5,107,41.5,196,76.0,23,8.9,8,3.1,27,10.5,4,1.6,nov/2023 a abr/2026
NORTE,PA,150660,SANTA MARIA DO PARA,MACRO II,METROPOLITANA III,25815,10335,7447,580,7.8,1727,80,13.8,0,0.0,30,5.2,286,49.3,328,66.7,164,33.3,398,80.9,54,11.0,3,0.6,37,7.5,1,0.2,nov/2023 a abr/2026
NORTE,PA,150670,SANTANA DO ARAGUAIA,MACRO IV,ARAGUAIA,30455,13964,7548,726,9.6,2673,79,10.9,1,0.1,20,2.8,448,61.7,539,81.9,119,18.1,452,68.7,89,13.5,12,1.8,88,13.4,17,2.6,nov/2023 a abr/2026
NORTE,PA,150680,SANTAREM,MACRO III,BAIXO AMAZONAS,360871,118573,70268,10777,15.3,41051,1743,16.2,11,0.1,3084,28.6,6881,63.8,6080,65.2,3249,34.8,7824,83.9,423,4.5,8,0.1,624,6.7,454,4.9,nov/2023 a abr/2026
NORTE,PA,150690,SANTAREM NOVO,MACRO II,RIO CAETÉS,6355,2552,1891,430,22.7,1501,68,15.8,0,0.0,7,1.6,246,57.2,228,62.0,140,38.0,330,89.7,18,4.9,0,0.0,19,5.2,1,0.3,nov/2023 a abr/2026
NORTE,PA,150700,SANTO ANTONIO DO TAUA,MACRO II,METROPOLITANA II,29234,12648,7955,2632,33.1,7736,562,21.4,4,0.2,219,8.3,1406,53.4,1688,68.7,770,31.3,2114,86.0,197,8.0,1,0.0,146,5.9,0,0.0,nov/2023 a abr/2026
NORTE,PA,150710,SAO CAETANO DE ODIVELAS,MACRO II,METROPOLITANA II,17258,6582,4979,1369,27.5,4642,250,18.3,3,0.2,161,11.8,740,54.1,861,71.3,346,28.7,1060,87.8,106,8.8,0,0.0,41,3.4,0,0.0,nov/2023 a abr/2026
NORTE,PA,150715,SAO DOMINGOS DO ARAGUAIA,MACRO IV,CARAJÁS,21555,8531,5501,351,6.4,1316,52,14.8,1,0.3,1,0.3,208,59.3,223,77.2,66,22.8,215,74.4,36,12.5,0,0.0,38,13.1,0,0.0,nov/2023 a abr/2026
NORTE,PA,150720,SAO DOMINGOS DO CAPIM,MACRO II,METROPOLITANA III,32554,10085,9644,4470,46.4,15575,484,10.8,1,0.0,642,14.4,2779,62.2,2018,50.7,1961,49.3,3504,88.1,214,5.4,9,0.2,254,6.4,0,0.0,nov/2023 a abr/2026
NORTE,PA,150730,SAO FELIX DO XINGU,MACRO IV,ARAGUAIA,64651,26484,16439,1012,6.2,3629,89,8.8,3,0.3,10,1.0,608,60.1,495,59.6,336,40.4,615,74.0,124,14.9,5,0.6,87,10.5,0,0.0,nov/2023 a abr/2026
NORTE,PA,150740,SAO FRANCISCO DO PARA,MACRO II,METROPOLITANA III,15429,6935,4116,807,19.6,2345,112,13.9,1,0.1,11,1.4,409,50.7,422,58.9,295,41.1,683,95.3,13,1.8,2,0.3,19,2.6,0,0.0,nov/2023 a abr/2026
NORTE,PA,150745,SAO GERALDO DO ARAGUAIA,MACRO IV,CARAJÁS,24929,9887,7399,273,3.7,992,38,13.9,0,0.0,7,2.6,174,63.7,133,59.1,92,40.9,133,59.1,30,13.3,11,4.9,51,22.7,0,0.0,nov/2023 a abr/2026
NORTE,PA,150746,SAO JOAO DA PONTA,MACRO II,METROPOLITANA III,4470,2521,788,40,5.1,155,3,7.5,1,2.5,2,5.0,27,67.5,15,50.0,15,50.0,29,96.7,1,3.3,0,0.0,0,0.0,0,0.0,nov/2023 a abr/2026
NORTE,PA,150747,SAO JOAO DE PIRABAS,MACRO II,RIO CAETÉS,21477,8748,6701,3228,48.2,10093,460,14.3,2,0.1,12,0.4,1655,51.3,1782,63.0,1046,37.0,2576,91.1,183,6.5,1,0.0,68,2.4,0,0.0,nov/2023 a abr/2026
NORTE,PA,150750,SAO JOAO DO ARAGUAIA,MACRO IV,CARAJÁS,14293,6042,3637,1059,29.1,3710,133,12.6,1,0.1,6,0.6,629,59.4,561,60.6,365,39.4,717,77.4,119,12.9,2,0.2,88,9.5,0,0.0,nov/2023 a abr/2026
NORTE,PA,150760,SAO MIGUEL DO GUAMA,MACRO II,METROPOLITANA III,55970,19551,8552,1870,21.9,6116,239,12.8,1,0.1,157,8.4,1048,56.0,864,53.8,741,46.2,1412,88.0,48,3.0,13,0.8,132,8.2,0,0.0,nov/2023 a abr/2026
NORTE,PA,150770,SAO SEBASTIAO DA BOA VISTA,MACRO I,MARAJÓ I,27651,7825,5906,3064,51.9,10639,357,11.7,2,0.1,1193,38.9,1930,63.0,2027,72.7,763,27.3,2475,88.7,258,9.2,2,0.1,56,2.0,0,0.0,nov/2023 a abr/2026
NORTE,PA,150775,SAPUCAIA,MACRO IV,ARAGUAIA,6212,2117,627,13,2.1,51,3,23.1,0,0.0,1,7.7,5,38.5,0,0.0,1,100.0,0,0.0,1,100.0,0,0.0,0,0.0,0,0.0,nov/2023 a abr/2026
NORTE,PA,150780,SENADOR JOSE PORFIRIO,MACRO III,XINGU,24989,8991,2531,636,25.1,2524,76,11.9,1,0.2,87,13.7,463,72.8,418,75.6,135,24.4,462,83.5,46,8.3,1,0.2,43,7.8,1,0.2,nov/2023 a abr/2026
NORTE,PA,150790,SOURE,MACRO I,MARAJÓ I,25315,9360,5549,1345,24.2,4575,258,19.2,1,0.1,115,8.6,795,59.1,885,71.5,352,28.5,997,80.6,64,5.2,0,0.0,177,14.3,0,0.0,nov/2023 a abr/2026
NORTE,PA,150795,TAILANDIA,MACRO IV,LAGO TUCURUÍ,75290,24962,12969,2446,18.9,9726,307,12.6,6,0.2,10,0.4,1711,70.0,1701,80.0,424,20.0,1724,81.1,289,13.6,12,0.6,101,4.8,0,0.0,nov/2023 a abr/2026
NORTE,PA,150796,TERRA ALTA,MACRO II,METROPOLITANA III,10837,4759,3445,403,11.7,1338,50,12.4,0,0.0,4,1.0,241,59.8,252,70.6,105,29.4,294,82.4,39,10.9,0,0.0,25,7.0,0,0.0,nov/2023 a abr/2026
NORTE,PA,150797,TERRA SANTA,MACRO III,BAIXO AMAZONAS,19792,6421,3448,492,14.3,1731,73,14.8,0,0.0,37,7.5,287,58.3,304,67.9,144,32.1,396,88.4,43,9.6,3,0.7,6,1.3,0,0.0,nov/2023 a abr/2026
NORTE,PA,150800,TOME-ACU,MACRO II,METROPOLITANA II,73058,24276,18266,3375,18.5,11608,361,10.7,0,0.0,224,6.6,2264,67.1,2293,73.6,823,26.4,2341,75.1,379,12.2,18,0.6,371,11.9,7,0.2,nov/2023 a abr/2026
NORTE,PA,150803,TRACUATEUA,MACRO II,RIO CAETÉS,30494,10705,7929,1448,18.3,4361,209,14.4,0,0.0,80,5.5,834,57.6,832,61.6,519,38.4,1271,94.1,44,3.3,4,0.3,32,2.4,0,0.0,nov/2023 a abr/2026
NORTE,PA,150805,TRAIRAO,MACRO III,TAPAJÓS,15550,5936,5162,427,8.3,1529,58,13.6,0,0.0,4,0.9,290,67.9,219,59.3,150,40.7,283,76.7,56,15.2,0,0.0,29,7.9,1,0.3,nov/2023 a abr/2026
NORTE,PA,150808,TUCUMA,MACRO IV,ARAGUAIA,42883,14743,11954,303,2.5,1127,26,8.6,1,0.3,8,2.6,199,65.7,200,79.7,51,20.3,179,71.3,40,15.9,2,0.8,30,12.0,0,0.0,nov/2023 a abr/2026
NORTE,PA,150810,TUCURUI,MACRO IV,LAGO TUCURUÍ,96119,34412,15997,1653,10.3,6250,281,17.0,4,0.2,36,2.2,1004,60.7,1096,72.0,426,28.0,1131,74.3,228,15.0,16,1.1,147,9.7,0,0.0,nov/2023 a abr/2026
NORTE,PA,150812,ULIANOPOLIS,MACRO II,METROPOLITANA III,39360,10653,8179,673,8.2,2378,94,14.0,2,0.3,11,1.6,399,59.3,445,79.2,117,20.8,480,85.4,40,7.1,6,1.1,36,6.4,0,0.0,nov/2023 a abr/2026
NORTE,PA,150815,URUARA,MACRO III,XINGU,45962,19612,7100,630,8.9,1998,81,12.9,0,0.0,17,2.7,377,59.8,300,53.0,266,47.0,391,69.1,84,14.8,27,4.8,64,11.3,0,0.0,nov/2023 a abr/2026
NORTE,PA,150820,VIGIA,MACRO II,METROPOLITANA II,54062,19269,136,24,17.6,108,6,25.0,1,4.2,3,12.5,18,75.0,3,100.0,0,0.0,2,66.7,0,0.0,0,0.0,1,33.3,0,0.0,nov/2023 a abr/2026
NORTE,PA,150830,VISEU,MACRO II,RIO CAETÉS,62189,19279,12437,1256,10.1,4363,186,14.8,0,0.0,10,0.8,798,63.5,696,60.9,447,39.1,1046,91.5,70,6.1,4,0.3,23,2.0,0,0.0,nov/2023 a abr/2026
NORTE,PA,150835,VITORIA DO XINGU,MACRO III,XINGU,16552,7282,2459,206,8.4,829,39,18.9,3,1.5,27,13.1,141,68.4,135,75.8,43,24.2,133,74.7,23,12.9,1,0.6,20,11.2,1,0.6,nov/2023 a abr/2026
NORTE,PA,150840,XINGUARA,MACRO IV,ARAGUAIA,57768,20962,13517,1381,10.2,4885,168,12.2,2,0.1,6,0.4,893,64.7,897,74.3,310,25.7,892,73.9,201,16.7,11,0.9,104,8.6,0,0.0,nov/2023 a abr/2026
